Univ_Code_Key,Univ_Abr_Code,Univ_name,Univ_name2,Univ_Institution_Type,Univ_Member_Since,Univ_Member_Until,Univ_Dept,Univ_Street,Univ_House_Number,Univ_City,Univ_PO_Box,Univ_PO_Zip,Univ_State,Univ_Zip,Univ_Country,Univ_Active,SSMA_TimeStamp,Univ_TimeZone,Univ_Member_Type,Univ_Degree,Univ_Status,Univ_GeoCode,Univ_URL,Univ_Modified
1,ACU,Abilene Christian University,,01,2002,,,Campus Court,1600,Abilene,ACU Box 29309,79699,TX,79699,US,-1,000000000004700C,CST,01,04,01,,http://www.acu.edu/academics/coba/index.html,8/10/2013
2,BSU,Ball State University,,01,2001,20111231,Miller College of Business,University Avenue,2000,Muncie,WB 100,47306,IN,47306,US,-1,000000000002CBA2,EST,01,05,02,,http://www.bsu.edu/business,1/18/2012
3,CSU,Cleveland State University,,01,2001,,College of Business,"Euclid Avenue, BU 420",2121,Cleveland,,,OH,44115,US,-1,000000000001F476,EST,01,05,01,,http://www.csuohio.edu/business,11/8/2010
4,ISU,Indiana State University,,01,2003,,College of Business,Indiana State University,1,Terre Haute,,,IN,47809,US,-1,000000000001F414,EST,01,05,01,,http://www.indstate.edu/business,11/5/2010
5,IU,Indiana University Bloomington,,01,1998,,Kelley School of Business,Fee Lane,10th and,Bloomington,,,IN,47405,US,-1,000000000001F478,EST,01,05,01,,http://www.kelley.iu.edu,11/8/2010
6,IUK,Indiana University Kokomo,,01,2002,,School of Business,S. Washington Street,2300,Kokomo,,,IN,46904,US,-1,000000000001F416,EST,01,04,01,,http://www.iuk.edu/academics/schools/business,11/5/2010
7,IPFW,Indiana University-Purdue University Fort Wayne,,01,2004,,,E. Coliseum Blvd.,2101,Fort Wayne,,,IN,46805,US,-1,000000000005A804,EST,01,05,02,,http://www.ipfw.edu/business,5/19/2015
8,RIT,Rochester Institute of Technology,,01,1999,,E. Philip Saunders College of Business,Lomb Memorial Drive,107,Rochester,,,NY,14623,US,-1,000000000001F42E,EST,01,05,01,,http://www.saunders.rit.edu,11/5/2010
9,SJU,Saint Josephs University,,01,1998,,Haub School of Business,City Avenue,5600,Philadelphia,,,PA,19131,US,-1,0000000000052953,EST,01,05,01,,http://www.sju.edu/academics/hsb,9/10/2014
10,TSU,Texas State University-San Marcos,,01,2005,,Vice President Information Technology,University Drive,601,San Marcos,,,TX,78666,US,-1,000000000001F43F,CST,01,05,01,,http://www.mccoy.txstate.edu,11/5/2010
11,UC,University of Cincinnati,,01,2000,,College of Business,College of Business,ML #20,Cincinnati,,,OH,45221,US,-1,000000000001F448,EST,01,05,01,,http://www.business.uc.edu,11/5/2010
12,UMD,"University of Maryland, College Park",,01,2004,,Robert H. Smith School of Business,Van Munching Hall,3321,College Park,,,MD,20742,US,-1,0000000000020D8E,EST,01,05,01,,http://www.rhsmith.umd.edu,1/6/2011
13,NEBR,University of Nebraska,,01,1999,,Computing Services Network,Nebraska Hall,327,Lincoln,,,NE,68588,US,-1,000000000001F44F,CST,01,05,01,,http://www.nebraska.edu,11/5/2010
14,UWM,University of Wisconsin-Milwaukee,,01,2000,,,N. Maryland,3202,Milwaukee,PO Box 742,53201,WI,53209,US,,0000000000050A7E,CST,01,05,01,,http://www.ucc.sba.uwm.edu/default.aspx,6/18/2014
15,UWO,University of Wisconsin-Oshkosh (old - do not use),,01,2002,2009,College of Business,Algoma Blvd.,800,Oshkosh,,,WI,54986,US,0,0000000000052641,CST,01,04,02,,,8/29/2014
16,WU,Widener University,,01,1998,,School of Business,University Place,One,Chester,,,PA,19013,US,-1,000000000001F462,EST,01,05,01,,http://www.widener.edu/academics/collegesandschools/businessadministration,11/5/2010
17,MUO,Miami University of Ohio,,01,2003,,Farmer School of Business,E. High Street,501,Oxford,,,OH,45056,US,-1,000000000001F422,EST,01,05,01,,http://www.fsb.muohio.edu,11/5/2010
18,PCIT,Penn College of Technology,,01,2020,,,College Ave,1,Williamsport,,,PA,17701,US,0,0000000000019FC4,,01,04,03,,,6/26/2010
19,SIUE,Southern Illinois University Edwardsville,,01,1999,,School of Business,n/a,n/a,Edwardsville,"Campus Box 1106, SIUE",,IL,62026,US,-1,000000000001F437,CST,01,05,01,,http://www.siue.edu/business,11/5/2010
20,WC,Washington College,,02,2003,,OIT,Washington Avenue,300,Chestertown,,,MD,21620,US,-1,000000000001F45E,EST,01,04,01,,http://business.washcoll.edu,11/5/2010
21,ARCA,Arcadia University,,01,1999,20101231,,S. Easton Road,450,Glenside,,,PA,19038,US,-1,0000000000020E44,EST,01,05,02,,http://www.arcadia.edu,1/10/2011
22,EDIN,Edinboro University of Pennsylvania,,01,2004,,Business Administration & Economics,Hendricks Hall,215,Edinboro,,,PA,16444,US,-1,000000000001F40C,EST,01,04,01,,http://www.edinboro.edu/departments/bus_econ,11/5/2010
23,GU,Georgetown University,,01,2004,,McDonough School of Business,Old North,412,Washington,,,DC,20057,US,-1,000000000001F40F,EST,01,05,01,,http://msb.georgetown.edu,11/5/2010
24,SALS,Salisbury University,,01,2003,,Perdue School of Business,Camden Avenue,1101,Salisbury,,,MD,21801,US,0,000000000001F433,EST,01,04,01,,http://www.salisbury.edu/perdue,11/5/2010
25,WNEC,Western New England College,,02,2006,,School of Business,Wilbraham Road,1215,Springfield,,,MA,01119,US,-1,000000000001F461,EST,01,05,01,,http://www.wnec.edu/business,11/5/2010
26,LEMC,Le Moyne College,,01,2007,,Information Technology,Salt Springs Road,1419,Syracuse,,,NY,13214,US,-1,000000000001F41B,PST,01,04,01,,http://www.lemoyne.edu,11/5/2010
27,HOFU,Hofstra University,,01,2007,,"Department of BCIS/QM, Zarb School of Business",Hofstra University,134,Hempstead,,,NY,11549-1340,US,-1,000000000001F412,EST,01,05,01,,http://www.hofstra.edu/Academics/Colleges/Zarb,11/5/2010
28,UTD,University of Texas-Dallas,,01,1999,,School of Management,N. Floyd Road,2601,Richardson,,,TX,75080,US,-1,000000000001F459,CST,01,05,01,,http://som.utdallas.edu,11/5/2010
29,BU,Bentley University,,01,1998,,,Forest Street,175,Waltham,,,MA,02452,US,-1,000000000001F401,EST,01,05,01,,http://www.bentley.edu,11/4/2010
30,BRYC,Bryant University,,01,2004,,,Douglas Pike,1150,Smithfield,,,RI,02917,US,-1,000000000001F475,EST,01,04,01,,http://www.bryant.edu,11/8/2010
31,CLRK,Clarkson University,,01,1998,,School of Business,Clarkson Avenue,8,Potsdam,,,NY,13699,US,-1,000000000001F466,EST,01,05,01,,http://www.clarkson.edu/business/index.html,11/5/2010
32,GIT,Georgia Institute of Technology,,01,1998,,College of Management,W. Peachtree Street,800,Atlanta,,,GA,30332,US,-1,000000000001F410,EST,01,05,01,,http://www.mgt.gatech.edu,11/5/2010
33,IUSB,Indiana University South Bend,,01,2000,,School of Business and Economics,Mishawaka Ave.,1700,South Bend,PO Box 7111,46634,IN,46634,US,-1,000000000001F417,EST,01,04,01,,http://www.iusb.edu/~buse,11/5/2010
34,PACE,Pace University,,01,2001,20131231,Lubin School of Business,"Pace Plaza, Room W407",1,New York,,,NY,10038,US,-1,000000000004BE80,EST,01,05,02,,http://www.pace.edu/pace/lubin,1/6/2014
35,PSU,Penn State,,01,1999,,,Old Main,201,University Park,,,PA,16802,US,,000000000001F42C,EST,03,05,01,,http://www.smeal.psu.edu,11/5/2010
36,TMPL,Temple University,,01,1999,,Fox School of Business,Speakman Hall,108,Philadelphia,,,PA,19122,US,-1,000000000001F43C,EST,01,05,01,,http://www.sbm.temple.edu,11/5/2010
37,UH,University of Houston,,01,2002,,Decision and Information Science,"Calhoun, 334 Melcher Hall, Suite 280",4800,Houston,,,TX,77204,US,-1,000000000001F449,CST,01,05,01,,http://www.bauer.uh.edu,11/5/2010
38,UMDR,University of Michigan-Dearborn,,01,1999,,Industrial and Manufacturing Systems Engineering,Evergreen Road,4901,Dearborn,,,MI,48128,US,-1,000000000001F44C,EST,01,05,01,,http://www.bus.umich.edu,11/5/2010
39,MISS,University of Missouri-Columbia,,01,1999,,College of Business,Cornell Hall,407,Columbia,,,MO,65211,US,-1,000000000001F44E,CST,01,05,01,,http://www.business.missouri.edu,11/5/2010
40,UND,University of North Dakota,,01,2020,,College of Business and Public Administration,"Centennial Drive, Stop 8363",293,Grand Forks,,,ND,58202,US,0,000000000001F452,CST,01,04,03,,,11/5/2010
41,AKR,University of Akron,,01,20140701,,College of Business Administration,S. Broadway Avenue,259,Akron,,,OH,44325,US,-1,000000000004FDD7,EST,01,05,01,,http://www.uakron.edu/cba,5/21/2014
42,VILL,Villanova University,,01,1998,,Villanova School of Business,Lancaster Ave,800,Villlanova,,,PA,19085,US,-1,000000000001F45D,EST,01,05,01,,http://www.villanova.edu/business,11/5/2010
43,WMU,Western Michigan University,,01,2002,,Department of Management,"Schneider Hall, Haworth College of Business",3386,Kalamazoo,,,MI,49008,US,-1,000000000001F460,EST,01,05,01,,http://www.wmich.edu/business,11/5/2010
44,YSU,Youngstown State University,,01,2003,,Williamson College of Business,University Plaza,One,Youngstown,,,OH,44555,US,-1,000000000001F464,EST,01,05,01,,http://www.ysu.edu/wcba,11/5/2010
45,CENT,"Centennial College, Toronto",,01,1999,,School of Business,n/a,n/a,Scarborough,"P.O. Box 631, Station A",M1K 5E9,ON,M1K 5E9,CA,-1,000000000001F40B,EST,01,04,01,,http://www.centennialcollege.ca/business,11/5/2010
46,HUMB,"Humber College, Toronto",,02,1998,,School of Applied Technology,Humber College Blvd,205,Toronto,,,ON,M5W 5L7,CA,-1,000000000001F413,EST,01,04,01,,http://www.humber.ca/appliedtechnology,11/5/2010
47,CARL,"Carleton University, Ottawa",,01,1999,20131231,Sprott School of Business,Colonel By Drive,1125,Ottawa,,,ON,K1S 5B6,CA,-1,000000000004C59A,EST,01,05,02,,http://www.sprott.carleton.ca/,1/22/2014
48,MCM,"McMaster University, Hamilton",,01,1999,,DeGroote School of Business,Main St. West,1280,Hamilton,,,ON,L8S 4M4,CA,-1,000000000001F420,EST,01,04,01,,http://www.degroote.mcmaster.ca,11/5/2010
49,ALG,"Algonquin College, Ottawa",,02,2000,,Marketing and Management Studies,Woodroffe Avenue,1385,Ottawa,,,ON,K2G 1V8,CA,-1,0000000000024A2E,EST,01,02,01,,http://www.algonquincollege.ca/business,5/11/2011
50,SHER,"Universit� de Sherbrooke, Quebec",,01,2001,,Departement d'informatique,Universite,2500,Sherbrooke,,,QC,J1K 2R1,CA,-1,000000000001F440,EST,01,05,01,,http://www.usherbrooke.ca,11/5/2010
51,SEN,Seneca College,,02,1999,,Faculty of Business,Finch Avenue East,1750,North York,,,ON,M2J 2X5,CA,-1,000000000001F434,EST,01,02,01,,http://www.senecac.on.ca/school/businessprofile.html,11/5/2010
52,WARW,University of Warwick,,01,2020,,"Warwick Business School, Information Systems Group",Gibbet Hill Road,0,Coventry,,,Warwickshire,CV4 7AL,GB,0,0000000000019F64,,01,04,99,,,6/25/2010
53,CU,City University,,01,2020,2007,"School of Informatics",Northampton Square,0,London,,,England,EC1V 0HB,GB,0,0000000000019F53,,01,04,99,,,6/25/2010
54,CRAN,Cranfield University,,01,2020,2007,,n/a,0,,,,,,GB,0,0000000000019F54,,01,04,99,,,6/25/2010
55,LIVR,University of Liverpool,,01,2020,,"Management School, E-Business Division",Chatham Street,0,Liverpool,,,Merseyside,L69 7ZH,GB,0,0000000000019F60,,01,04,99,,,6/25/2010
56,COVU,Coventry University,,01,2020,2007,,n/a,0,,,,,,GB,0,0000000000019F52,,01,04,99,,,6/25/2010
57,BRUN,Brunel University,,01,2020,2007,Information Systems and Computing,Kingston Lane,0,Uxbridge,,,Middlesex,UB8 3PH,GB,0,0000000000019F50,,01,04,99,,,6/25/2010
58,SHEF,Sheffield Hallam University,,01,2020,,"Faculty of Arts, Computing, Engineering & Sciences",Howard Street,0,Sheffield,,,South Yorkshire,S1 1WB,GB,0,0000000000019F5C,,01,04,99,,,6/25/2010
59,LANC,Lancaster University,,01,2020,2007,Department of Management Science,Bailrigg,0,Lancaster,,,Lancashire,LA1 4YW,GB,0,0000000000019F56,,01,04,99,,,6/25/2010
60,CLAN,University of Central Lancashire,,01,2020,,Information and Finance,"Greenbank Building, Victoria Street",0,Preston,,,Lancashire,PR1 2HE,GB,0,0000000000019F5F,,01,04,99,,,6/25/2010
61,LOUG,Loughborough University,,01,2020,2007,,n/a,0,,,,,,GB,0,0000000000019F57,,01,04,99,,,6/25/2010
62,GLAS,Glasgow Caledonian University,,01,2020,2007,,n/a,0,,,,,,GB,0,0000000000019F55,,01,04,99,,,6/25/2010
63,WEST,University of Westminster,,01,2020,,Westminster Business School,35 Marylebone Road,35,London,,,England,NW1 5LS,GB,0,0000000000019F65,,01,04,99,,,6/25/2010
64,STRA,University of Strathclyde,,01,2020,,Department of Management Science,George Street,40,Glasgow,,,Scotland,G1 1QE,GB,0,0000000000019F62,,01,04,99,,,6/25/2010
66,ARIZ,University of Arizona,,01,2007,2009,Eller College of Management,"E. Helen Street, Rm. 430",1130,Tucson,,,AZ,85721,US,-1,000000000001F447,MST,01,05,02,,http://www.eller.arizona.edu,11/5/2010
67,LSSU,Lake Superior State University,,01,2007,20111231,"School of Business, Economics, and Legal Studies",W. Easterday Avenue,650,Sault Ste. Marie,,,MI,49783,US,-1,000000000002CC15,EST,01,04,02,,http://www.lssu.edu/business,1/20/2012
68,RUTG,Rutgers University,,01,1999,,Rutgers Business School,Washington Street,111,Newark,,,NJ,07102,US,-1,000000000002C76B,EST,01,05,01,,http://www.business.rutgers.edu,1/2/2012
69,UNH,University of New Haven,,01,2007,,College of Business,Boston Post Road,300,West Haven,,,CT,06516,US,-1,000000000001F450,EST,01,04,01,,http://www.newhaven.edu/7,11/5/2010
70,TCU,Texas Christian University,,01,2007,,Information Systems and Supply Chain Management,Lubbock Street,2900,Fort Worth,PO Box 298530,76129,TX,76109,US,-1,000000000001F43E,CST,01,05,01,,http://www.neeley.tcu.edu,11/5/2010
71,MU,Marquette University,,01,20130901,,Business Administration/Dept. of Accounting,W. Wisconsin Avenue,1250,Milwaukee,PO Box 1881,53201,WI,53233,US,-1,00000000000482AE,CST,01,05,01,,http://www.business.marquette.edu,9/13/2013
72,LEHI,Lehigh University,,01,2007,,College of Business and Economics,Taylor Street,621,Bethlehem,,,PA,18015,US,-1,000000000001F41C,EST,01,05,01,,http://www.lehigh.edu/business,11/5/2010
73,FLEM,Fleming College,,02,20070601,,School of Business,Brealey Drive,599,Petersborough,,,ON,K9J 7B1,CA,-1,000000000001FD86,,01,04,01,,http://www.flemingc.on.ca/index.cfm/go/school/sub/busn.cfm,11/29/2010
74,BCIT,British Columbia Institute of Technology,,01,1999,,Supply Management,Willingdon Avenue,3700,Burnaby,,,BC,V5G 3H2,CA,-1,000000000001F403,PST,01,05,01,,http://www.bcit.ca,11/4/2010
75,SUFF,Suffolk University,,01,2007,,Sawyer Business School,Ashburton Place,8,Boston,,,MA,02108,US,-1,000000000001F43A,EST,01,04,01,,http://www.suffolk.edu/business,11/5/2010
82,BWLG,Bowling Green State University,,01,2007,,College of Business Administration,Business Administration Building,371,Bowling Green,,,OH,43403,US,-1,000000000001F402,EST,01,05,01,,http://www.business.bgsu.edu/cba/index.html,11/4/2010
83,NIAC,Niagara College,,02,2006,,Business & Entrepreneurship Division,"Taylor Road, RR#4, Niagara-on-the-Lake Campus",135,Niagara-on-the-Lake,,,ON,L0S 1J0,CA,-1,000000000001F426,EST,01,02,01,,http://www.niagaracollege.ca,11/5/2010
84,,State University of New York - Plattsburg,,01,2008,,School of Business and Economics,Broad Street,101,Plattsburgh,,,NY,12901,US,-1,000000000002699D,EST,01,04,01,,http://www.plattsburgh.edu/academics/management,7/11/2011
85,MONT,Universite du Quebec a Montreal,,01,2007,,Ecole des sciences de la gestion,rue Sainte-Catherine Est,315,Montreal,,,QC,H2X 3X2,CA,-1,000000000001F442,EST,01,05,01,,http://www.uqam.ca,11/5/2010
86,UNF,University of North Florida,,01,2007,,Coggin College of Business,UNF Drive,1,Jacksonville,,,FL,32224,US,-1,000000000001F453,EST,01,05,01,,http://www.unf.edu/coggin,11/5/2010
87,UOK,University of Oklahoma,,01,2007,,Price College of Business,Parrington Road    ,660,Norman,,,OK,73019,US,-1,000000000001F454,CST,01,05,01,,http://www.ou.edu/price.html,11/5/2010
88,SCRA,University of Scranton,,01,1998,,Kania School of Management,Brennan Hall,347,Scranton,,,PA,18510,US,-1,000000000001F471,EST,01,04,01,,http://matrix.scranton.edu/academics/ksom/oim/index.shtml,11/8/2010
89,,University of South Florida,,01,2007,,College of Business Administration,E. Fowler Avenue,4202,Tampa,,,FL,33620,US,-1,000000000001F457,EST,01,05,01,,http://www.coba.usf.edu,11/5/2010
90,VCSU,Valley City State University,,01,2007,,Division of Business and Information Technology,College Street,101,Valley City,,,ND,58072,US,-1,000000000001F45C,CST,01,04,01,,http://www.vcsu.edu/academics/divisions/businfotech,11/5/2010
91,,Saint Francis Xavier University,,01,1999,,Dept. of Information Systems,n/a,n/a,Antigonish,PO Box 5000,B2G 2W5,NS,B2G 2W5,CA,-1,0000000000054933,AST,01,04,01,,http://www.stfx.ca/faculties/business,11/21/2014
92,,Nova Southeastern University,,01,20080301,2009,H.Wayne Huizenga School of Business and Entrepreneurship,"College Avenue, Carl DeSantis Building",3301,Ft. Lauderdale-Davie,,,FL, 33314,US,0,00000000000518C7,EST,01,04,02,,,6/24/2014
93,,University of Alabama-Huntsville,,01,2020,,College of Business Administration,Sparkman Drive,301,Huntsville,,,AL,35899,US,0,0000000000019F5D,CST,01,04,03,,,6/25/2010
94,,New Mexico State University,,01,2020,,Information Systems,n/a,n/a,Las Cruces  ,PO Box 30001,88003,NM,88003,US,0,000000000001F2B2,MST,01,04,03,,,10/18/2010
95,,Alabama State University,,01,2020,,,S. Jackson Street,915,Montgomery,,,AL,36104,US,0,0000000000019F5B,CST,01,04,03,,,6/25/2010
97,,York University,,01,2008,,Atkinson Faculty of Liberal and Professional Studies,Keele Street,4700,North York,,,ON,M3J 1P3,CA,-1,000000000001F463,EST,01,05,01,,http://www.yorku.ca/laps/sas/index.html,11/5/2010
100,,University of Mississippi,,01,1999,,School of Business Administration,Holman Hall,320,University,,,MS,38677,US,-1,000000000001F44D,CST,01,05,01,,http://www.olemissbusiness.com,11/5/2010
101,,University of Tampa,,01,2008,,John H. Sykes College of Business,W. Kennedy Boulevard,401,Tampa,,,FL,33606,US,-1,000000000001F458,EST,01,04,01,,http://www.ut.edu/businessdegrees,11/5/2010
102,,Saint Louis University,,01,2020,,John Cook School of Business,Lindell Boulevard,3674,St. Louis,,,MO,63108,US,0,000000000001F432,CST,01,04,03,,http://www.salisbury.edu/perdue,11/5/2010
103,,East Tennessee State University,,01,2008,,Computer and Information Sciences Department,University Parkway,807,Johnson City,PO Box 70711,37614,TN,37614,US,-1,000000000002C76A,EST,03,04,01,,http://www.cs.etsu.edu,1/2/2012
104,,Neumann University,,02,2008,20131231,Division of Business and Information Management,Neumann Drive,1,Aston,,,PA,19014,US,-1,000000000004BE7F,EST,01,05,02,,http://www.neumann.edu,1/6/2014
105,UCF,University of Central Florida,,01,2020,,,Central Florida Boulevard,4000,Orlando,,,FL,32816,US,-1,000000000001ECA7,,01,05,99,,,7/14/2010
106,,International Technological University,,01,2008,,School of Engineering and School of Business,San Aleso Avenue,756,Sunnyvale,,,CA,94085,US,-1,000000000001F47A,PST,01,05,01,,http://www.itu.edu,11/8/2010
107,,Governors State University,,01,20080901,,College of Business & Public Administration,University Parkway,1,University Park,,,IL,60466,US,-1,000000000001F411,CST,01,05,01,,http://www.govst.edu/cbpa,11/5/2010
108,,Regis University,,01,2008,,School of Compter and Information Science,Regis Boulevard,3333,Denver,,,CO,80221,US,-1,000000000001F42D,MST,01,04,01,,http://www.regis.edu/regis.asp?sctn=cpcis,11/5/2010
109,,Universite du Quebec a Chicoutimi,,01,2010,20120625,,Boulevard de l'Universit�,555,Chicoutimi,,,QC,G7H 2B1,CA,-1,0000000000033522,EST,01,05,02,,http://www.uqac.ca,7/7/2012
110,,Milwaukee School of Engineering,,02,2008,,Mech Eng Dept & Rader School of Business,N. Broadway,1025,Milwaukee,,,WI,53202,US,-1,000000000001F423,CST,01,04,01,,http://www.msoe.edu/academics/academic_departments/school_of_business,11/5/2010
111,,University of Wisconsin-Platteville,,01,2008,,,University Plaza,1,Platteville,,,WI,53818,US,-1,000000000001F45B,CST,01,04,01,,http://www.uwplatt.edu,11/5/2010
112,,University of Wisconsin-Madison,,01,2008,,Wisconsin School of Business,University Avenue,975,Madison,,,WI,53706,US,-1,000000000001F45A,CST,01,05,01,,http://www.bus.wisc.edu,11/5/2010
113,,Rowan University,,01,2009,,Rohrer College of Business,Mullica Hill Road,201,Glassboro,,,NJ,08028,US,-1,000000000001F42F,EST,01,04,01,,http://www.rowan.edu/colleges/business,11/5/2010
129,TAM,Texas A&M University,,01,2009,,Mays Business School,Wehner Building Room 440,MS 4113,College Station,,,TX,77843,US,-1,000000000001F43D,CST,01,05,01,,http://mays.tamu.edu,11/5/2010
130,,Tarleton State University,,01,2009,20121231,,W. Washington Street,1333,Stephenville,Box T-0200,76402,TX,76401,US,-1,000000000003C1D4,EST,01,05,02,,http://www.tarleton.edu/COBAWEB/coba,12/28/2012
131,,University of Houston-Downtown,,01,2009,,College of Business,Main Street,One,Houston,,,TX,77002,US,-1,000000000001F44A,CST,01,04,01,,http://www.uhd.edu/academic/colleges/business,11/5/2010
132,,Southern Connecticut State University,,01,2009,20130531,School of Business,Crescent Street,501,New Haven,,,CT,06515,US,-1,0000000000044EFE,EST,01,05,02,,http://www.southernct.edu/business,6/10/2013
133,,Arizona State University,,01,2009,20121231,W.P. Carey School of Business,East Lemon,300,Tempe,,,AZ,85287,US,-1,0000000000040FBF,MST,01,05,01,,http://wpcarey.asu.edu/,4/10/2013
134,,Universite du Quebec en Outaouais,,01,2009,,Departement des sciences administrative,boul. Alexandre-Tache,283,Gatineau,,,QC,J8X 3X7,CA,-1,0000000000033523,EST,01,05,01,,http://www.uqo.ca,7/7/2012
135,,North Carolina State University,,01,2009,,,Founders Drive,2801,Raleigh,Campus Box 8113,27695,NC,27695,US,-1,000000000001F427,EST,01,05,01,,http://www.mgt.ncsu.edu,11/5/2010
136,CMU,Central Michigan University,,01,1997,,,"E. Bellows, Grawn Hall",150,Mount Pleasant,,,MI,48859,US,,000000000001F407,,03,05,01,,http://www.cba.cmich.edu/,11/4/2010
139,UU,University of Utah,,01,2020,,Department of Operations and Information Systems,E. Campus Center Drive,1645,Salt Lake City,,,UT,84112,US,0,000000000001F2A5,MST,01,05,03,,,10/18/2010
140,,University of Pittsburgh,,01,2009,,Graduate School of Business & College of Business Administration,Fifth Avenue,4200,Pittsburgh,,,PA,15260,US,-1,000000000001F455,EST,01,05,01,,http://www.business.pitt.edu/cba,11/5/2010
141,LLU,Our Lady of the Lake University,,01,2009,,School of Business and Leadership,S.W. 24th Street,411,San Antonio,,,TX,78207,US,-1,000000000001F429,CST,01,05,01,,http://www.ollusa.edu/s/1190/ollu.aspx?pgid=974,11/5/2010
142,MCT,Metro College of Technology,,02,2010,,,"College Street, Suite 201",203,Toronto,,,ON,M5T 1P9,CA,-1,000000000001F421,EST,01,01,01,,http://www.metroc.ca,11/5/2010
143,SAM,Sam Houston State University,,01,2002,,,"Avenue I, Suite 302",1821,Huntsville,,,TX,77340,US,-1,0000000000058747,,03,05,01,,http://www.shsu.edu/~coba,3/6/2015
145,,Oakland University,School of Engineering and Computer Science   ,01,2010,,,Squirrel Road,2200,Rochester,,,MI,48309,US,-1,000000000001F428,,01,05,01,,http://www.oakland.edu/secs,11/5/2010
146,,Pellissippi State Community College,,03,2010,20130101,,Hardin Valley Road,10915,Knoxville,,,TN,37932,US,-1,000000000003E335,,01,01,02,,http://www.pstcc.edu/departments/bct/index.htm,2/6/2013
150,,Bellarmine University,,01,20100701,20131231,,Newburg Road,2001,Louisville,,,KY,40205,US,-1,000000000004BE7E,,01,05,02,,http://www.bellarmine.edu/ce,1/6/2014
151,,Elon University,,01,2010,,,na,Campus Box 2075,Elon,,,NC,27244,US,-1,000000000001F477,,01,05,01,,http://www.elon.edu,11/8/2010
152,,Wayne State University,,01,20100701,,,Prentis Building,226,Detroit,,,MI,48202,US,-1,000000000001F45F,,01,05,01,,http://www.busadm.wayne.edu,11/5/2010
153,,Montclair State University,,01,20100801,,,Normal Avenue,1,Montclair,,,NJ,07043,US,-1,000000000005A806,,01,05,02,,http://sbus.montclair.edu,5/19/2015
154,,Missouri University of Science and Technology,,01,20110101,,,W. 14th Street,301,Rolla,,,MO,65409,US,-1,000000000001FC58,,03,05,01,,http://business.mst.edu,11/15/2010
155,,University of North Alabama,,01,20110101,,,Harrison Plaza,One,Florence,,,AL,35632,US,-1,00000000000210F0,,01,04,01,,http://business.una.edu,1/20/2011
156,,Northwood University,,01,20110101,,,Whiting Drive,4000,Midland,,,MI,48640,US,-1,000000000001FE94,,01,04,01,,www.northwood.edu,12/7/2010
157,,Universite Laval,,01,20110101,,,rue de la Terrasse,2325,Quebec City,,,QC,G1V 0A6,CA,-1,0000000000021C08,,01,05,01,,http://www.fsa.ulaval.ca,2/7/2011
158,,Purdue University,,01,20110101,,,S. Grant Street,401,West Lafayette,,,IN,47907,US,-1,000000000001FFEE,,01,05,01,,http://www.tech.purdue.edu/IT/Index.cfm,12/21/2010
159,,Delta State University,,01,20110501,,,W. Sunflower,1004,Cleveland,,,MS,38733,US,-1,0000000000023DF1,,01,05,01,,http://www.deltastate.edu/business,4/13/2011
160,,University of Findlay,,01,20110501,,,North Main Stret,1000,Findlay,,,OH,45840,US,-1,0000000000023DEF,,01,05,01,,http://findlay.edu/default.htm,4/13/2011
161,,Sacred Heart University,Welch College of Business,01,20110601,,,Park Avenue,5151,Fairfield,,,CT,06825,US,-1,0000000000023F8A,,01,05,01,,http://www.sacredheart.edu/pages/15_john_f_welch_college_of_business.cfm,5/5/2011
162,,Georgia State University,Robinson College of Business,01,20110501,,,Broad Street NW,35,Atlanta,,,GA,30303,US,-1,0000000000023F4E,,01,05,01,,http://robinson.gsu.edu,5/4/2011
163,,Durham College,,02,20110601,,,Simcoe Street N.,2000,Oshawa,,,ON,L1H 7K4,CA,-1,0000000000024BA9,,01,03,01,,http://www.durhamcollege.ca,6/1/2011
164,,George Mason University,,01,20110601,20121231,,"University Drive, Enterprise Hall 244",4400,Fairfax,,,VA,22030,US,-1,000000000003C1D3,,01,05,02,,http://som.gmu.edu,12/28/2012
165,,Boston University,,01,20110601,20131231,,Commonwealth Avenue,808,Boston,,,MA,02215,US,-1,000000000004BE7C,,01,05,02,,http://www.bu.edu/met,1/6/2014
166,,University of St. Thomas,,01,20110701,,,LaSalle Avenue,1000,Minneapolis,,,MN,55403,US,-1,000000000002561A,,01,05,01,,http://www.stthomas.edu/business/,6/20/2011
167,,Blue Ridge Community and Technical College,,03,20110701,,,West Stephen Street,400,Martinsburg,,,WV,25401,US,-1,000000000002561F,,01,01,01,,http://www.blueridgectc.edu,6/20/2011
168,,University of British Columbia,,01,20110701,,,Main Mall,2053,Vancouver,,,BC,V6T 1Z2,CA,-1,0000000000025728,,01,05,01,,http://www.sauder.ubc.ca,7/1/2011
169,,Ecole Polytechnique de Montreal,,01,20110901,,,Boul. Edouard-Montpetit,2900,Montreal,"C.P. 6079, Succ. Centre-ville",H3C 3A7,QC,H3T 1J4,CA,-1,0000000000028BA1,,01,05,01,,http://polymtl.ca,9/8/2011
170,,Michigan State University,,01,20111001,,,Business College Complex,N370,East Lansing,,,MI,48823,US,-1,00000000000298D6,,01,05,01,,http://broad.msu.edu/departments,10/11/2011
171,,Ohio University,,01,20120201,,,Copeland Hall,209,Athens,,,OH,45701,US,-1,000000000002D6D7,,01,05,01,,http://www.cob.ohiou.edu/mis,1/27/2012
172,,Olivet Nazarene University,,01,20120201,,,University Avenue,One,Bourbonnais,,,IL,60915,US,-1,000000000002D6FE,,01,99,01,,http://www.olivet.edut,1/30/2012
173,,University of Wisconsin-Eau Claire,,01,20120401,,,Garfield Avenue,105,Eau Claire,,,WI,54701,US,-1,000000000002F671,,01,04,01,,htttp://uwec.edu,4/5/2012
174,,Saint Cloud State University,,01,20120601,,,"4th Avenue South, Centennial Hall 118",720,St. Cloud,,,MN,56301,US,-1,0000000000054932,,01,05,01,,http://stcloudstate.edu/hbs/default.asp,11/21/2014
175,,University of Massachusetts Dartmouth,,01,20120601,20131231,,Old Westport Road,285,N. Dartmouth,,,MA,02747,US,-1,000000000004C6BE,,01,05,02,,http://umassd.edu/charlton,1/28/2014
176,,University of Southern Indiana,,01,20120601,,,University Blvd.,8600,Evansville,,,IN,47712,US,-1,0000000000030718,,01,05,01,,http://business.usi.edu/,5/9/2012
177,,Drexel University,,01,20120601,,,Chestnut Streets,32nd and,Philadelphia,,,PA,19104,US,-1,0000000000030759,,01,05,01,,http://lebow.drexel.edu,5/11/2012
178,,Stark State College,,03,20120601,,,Frank Avenue NW,6200,Canton,,,OH,44720,US,-1,00000000000307D9,,01,01,01,,http://starkstate.edu,5/14/2012
179,,Delaware State University,,01,20120601,,,North Dupont Highway,1200,Dover,,,DE,19901,US,-1,00000000000307DB,,01,05,01,,http://www.desu.edu/department-management,5/14/2012
180,,Kent State University,,01,20120601,,,NA,NA,Kent,,,OH,44236,US,-1,000000000003082A,,01,05,01,,http://www.kent.edu,5/17/2012
181,,North Carolina Agricultural & Technical State University,,01,20120601,,,East Market Street,1601,Greensboro,,,NC,27411,US,-1,00000000000315C0,,01,05,01,,http://www.ncat.edu,5/30/2012
182,,University of Houston Victoria,,01,20120601,20131231,,N. Ben Wilson,3007,Victoria,,,TX,77901,US,-1,000000000004BE81,,01,04,02,,http://www.uhv.edu/bus,1/6/2014
183,,University of Minnesota,,01,20120601,,,19th Avenue South,321,Minneaplis,,,MN,55455,US,-1,00000000000324CA,,01,05,01,,http://www.csom.umn.edu,6/11/2012
184,,University of West Georgia,,01,20120701,,,Maple Street,1601,Carrollton,,,GA,30118,US,-1,00000000000325A9,,01,04,01,,http://westga.edu/rcob,6/15/2012
185,,Guilford Technical Community College,,03,20120701,,,High Point Road,601,Greensboro,,,NC,27282,US,-1,0000000000032692,,01,01,01,,http://www.gtcc.edu,6/26/2012
186,,Texas Tech University,,01,20120701,,,Rawls College of Business,MS42101,Lubbock,,,TX,79409,US,-1,000000000003363E,,01,99,01,,http://rawlsbusiness.ttu.edu,7/16/2012
187,,University of Illinois Springfield,,01,20120901,,,University Plaza MS UHB 4021,One,Springfield,,,IL,62703,US,-1,00000000000472EF,,01,04,01,,http://uis.edu/cbam,8/21/2013
188,,University of Toledo,,01,20120901,,,"W. Bancroft St., MS 218",2801,Toledo,,,OH,43606,US,-1,000000000003649B,,01,05,01,,http://www.utoledo.edu/business,9/6/2012
189,,Dartmouth College,,01,20121101,,,Tuck Hall,100,Hanover,,,NH,03755,US,-1,0000000000037535,,01,99,01,,http://www.tuck.dartmouth.edu,10/18/2012
190,,Elmhurst College,,01,20121201,20151118,,Prospect Avenue,190,Elmhurst,,,IL,60126,US,-1,000000000005EACD,,01,04,02,,http://www.elmhurst.edu,11/18/2015
191,,High Point University,,01,20121201,,,Montlieu Avenue,"Drawer 40, 833",High Point,,,NC,27262,US,-1,00000000000392AA,,01,04,01,,http://www.highpoint.edu,11/12/2012
192,,Auburn University,,01,20121201,,,W. Magnolia,405,Auburn,,,AL,36489,US,-1,00000000000392EC,,01,05,01,,www.business.auburn.edu,11/13/2012
193,,University of Mary Hardin-Baylor,,01,20121201,,,College Street,900,Belton,,,TX,76513,US,-1,000000000003A20D,,01,05,01,,http://www.umhb.edu,11/16/2012
194,,Greenville Technical College,,03,20121201,,,,,Greenville,PO Box 5616,29606-5616,SC,,US,-1,000000000003B2D1,,01,01,01,,www.gvltec.edu,12/12/2012
195,,Shanghai Maritime University,School of Economics and Management,01,20120915,,,Haigang Road,No. 1550,Shanghai,,,020,201306,CN,-1,000000000003B359,,01,05,01,,http://www.shmtu.edu.cn,12/17/2012
196,,Taylor Business Institute,,04,20130201,20130510,,"West Adams Street, Ste. 500",318,Chicago,,,IL,60606,US,-1,0000000000047447,,01,01,02,,http://www.tbiil.edu,8/26/2013
197,,University of Wisconsin-Oshkosh,,01,20130101,,,Algoma Boulevard,800,Oshkosh,,,WI,54901,US,-1,000000000003D2B8,,01,04,01,,http://www.uwosh.edu,1/18/2013
198,,Saint Leo University,,01,20130301,,,State Road 52,33701,Saint Leo,,,FL,33574,US,-1,000000000005A805,,01,04,02,,http://www.saintleo.edu,5/19/2015
199,,Christopher Newport University,,01,20130601,,,Avenue of the Arts,1,Newport News,,,VA,23606,US,-1,000000000003E549,,01,04,01,,http://schoolofbusiness.cnu.edu,2/22/2013
200,,University of Saint Francis,,01,20130301,,,Wilcox Street,500,Joliet,,,IL,60435,US,-1,000000000003E557,,01,04,01,,http://www.stfrancis.edu,2/22/2013
201,,Prairie View A&M University,,01,20130301,,,MS 2301,PO Box 519,Prairie View,,,TX,77446,US,-1,000000000003F0A1,,01,05,01,,http://www.pvamu.edu,3/7/2013
202,,Belmont University,,01,20130601,,,Belmont Boulevard,1900,Nashville,,,TN,37212,US,-1,0000000000040F90,,01,05,01,,http://www.belmont.edu,4/8/2013
203,,Fort Hays State University,,01,20130501,,,Park Street,600,Hays,,,KS,67601,US,-1,0000000000042EB2,,01,04,01,,http://www.fhsu.edu/cob/,4/18/2013
204,,New Jersey Institute of Technology,,01,20130601,,,Heights,University,Newark,,,NJ,07102,US,-1,0000000000042F04,,01,05,01,,http://www:njit.edu,4/25/2013
205,,Nova Scotia Community College,,03,20130601,,,Leeds Street,5685,Halifax,PO Box 2210,B3J 3C4,NS,B3J 3C4,CA,-1,0000000000043F27,,01,03,01,,http://www.nscc.ca,5/3/2013
206,,Loyola University Maryland,,01,20130601,,,N. Charlest Street,4501,Baltimore,,,MD,21210,US,-1,000000000004412C,,01,04,01,,http://www.loyola.edu/sellinger,5/23/2013
207,,Georgia Gwinnett College,,01,20130601,,,University Center Lane,1000,Lawrenceville,,,GA,30043,US,-1,000000000004412E,,01,02,01,,http.//ggc.edu,5/23/2013
208,,Hallmark College,,01,20130601,,,1H10 West,10401,San Antonio,,,TX,78230,US,-1,0000000000044130,,01,04,01,,http://www.hallmarkcollege.edu,5/23/2013
209,,Vincennes University,,03,20130601,,,North First Street,1002,Vincennes,,,IN,47591,US,-1,0000000000044DD8,,01,02,01,,http://www.vinu.edu,5/29/2013
210,,Canisius College,,01,20130701,,,Main Street,2001,Buffalo,,,NY,14208,US,-1,0000000000044F7A,,01,04,01,,http://www.canisius.edu,6/14/2013
211,,Columbus State University,,01,20130701,,,"University Blvd., TCOBCS",4225,Columbus,,,GA,31907,US,-1,0000000000044FC2,,01,05,01,,http://www.columbusstate.edu,6/18/2013
212,,Murray State University,,01,20130801,,,University Drive,200 Sparks Hall,Murray,,,KY,42071,US,-1,0000000000046D1E,,01,05,01,,http://www.murraystate.edu,7/30/2013
213,,Webster University,,01,20130801,,,East Lockwood Avenue,470,Saint Louis,,,MO,63119,US,-1,0000000000046D5F,,01,05,01,,http://www.webster.edu,8/2/2013
214,,Missouri Southern State University,,01,20140101,,,E. Newman Road,3950,Joplin,,,MO,64801,US,-1,000000000004BB08,,01,04,01,,http://www.mssu.edu,12/26/2013
215,,Missouri Western State University,,01,20140101,,,Downs Drive,4525,St. Joseph,,,MO,64507,US,-1,000000000004BB0A,,01,04,01,,http://missouriwestern.edu,12/26/2013
216,,Stephen F. Austin State University,,01,20140101,,,SFA Station,PO Box 1300,Nacogdoches,,,TX,75962,US,-1,000000000004C654,,01,04,01,,http://www.sfasu.edu,1/27/2014
217,,Tuskegee University,,01,20130723,,,Montgomery Road,1200 W.,Tuskegee,,,AL,36088,US,-1,000000000004CC35,,04,99,01,,http://www.tuskegee.edu/,2/7/2014
218,,University of Alabama,,01,20130815,,,University Boulevard,719,Tuscaloosa,,,AL,35401,US,-1,000000000004CC52,,04,99,01,,http://www.ua.edu/,2/7/2014
219,,Indiana University Northwest,,01,20140201,,,Broadway,3400,Gary,,,IN,46408,US,-1,000000000004CC7F,,04,99,01,,http://www.iun.edu/,2/7/2014
220,,Saint Johns University,,01,20140201,,,Utopia Parkway,8000,Queens,,,NY,11439,US,-1,00000000000571D9,,01,99,01,,www.stjohns.edu,1/22/2015
221,,Appalachian State University,,01,20131001,,,Rivers Street,287,Boone,,,NC,28608,US,-1,000000000005A807,,01,05,02,,www.appstate.edu,5/19/2015
222,,Loyalist College,,02,20131002,,,Wallbridge-Loyalist,376,Belleville,,,ON,K8N 5B9,CA,-1,000000000004CC5A,,04,02,01,,www.loyalistcollege.com,2/7/2014
223,,Howard University,,01,20131001,,,6th Street NW,2400,Washington,,,DC,20001,US,-1,000000000004CC5D,,04,05,01,,www.howard.edu/,2/7/2014
224,,Carnegie Mellon University-Silicon Valley,,01,20131125,,,S. Akron Road,23,Mountain View,,,CA,94035,US,-1,000000000004EC9B,,04,99,01,,,4/16/2014
225,,Florida Institute of Technology,,99,20131201,,,West University,150,Melbourne,,,FL,32901,US,-1,000000000004CC61,,04,05,01,,http://www.fit.edu/,2/7/2014
226,,Central Piedmont Community College,,99,20140201,,,unknown,1234,Charlotte,,,NC,28235,US,-1,000000000004CC94,,04,99,01,,http://www.cpcc.edu/,2/10/2014
227,,University of Southern Mississippi,,99,20140201,,,unknown,unknown,Hattiesburg,,,MS,39406,US,-1,000000000004CC82,,04,99,01,,,2/7/2014
230,,Queensborough Community College  -CUNY,,03,20150101,,,56th Avenue,22205,Bayside,,,NY,11364,US,-1,000000000005A6D1,,01,01,01,,www.qcc.cuny.edu,5/13/2015
231,,Georgia College & State University,,01,20140301,,,"N. Clarke Street, Campus Box 12",111,Milledgeville,,,GA,31032,US,-1,000000000004DA82,,01,05,01,,http://www.gcsu.edu,3/3/2014
232,,Milwaukee Area Technical College,,04,20140301,,,W. State Street,700,Milwaukee,,,WI,53233,US,-1,000000000004DAB1,,01,01,01,,http://www.matc.edu,3/5/2014
233,,Gateway Technical College,,03,20140301,,,Main Street,1001,Racine,,,WI,53403,US,-1,000000000004DAB3,,01,01,01,,http://www.gtc.com,3/5/2014
234,,-- Select One --,,99,,,,,,,,,,,99,-1,000000000004DB70,,01,99,02,,,
235,,-- UA Staff --,,99,20140101,,,,,Milwaukee,,,WI,53209,US,-1,000000000004FD4E,,04,99,01,,,5/15/2014
236,,Epic College of Technology,,02,20140403,,,McAdam Road,5670,Mississauga,,,ON,L4Z 1T2,CA,-1,000000000004FCFB,,04,04,01,,http://www.epic-college.ca,5/14/2014
237,,Conestoga College Institute of Technology & Advanced Learning,,02,20140421,,,Doon Valley Drive,299,Kitchener,,,ON,N2G 4M4,CA,-1,000000000004FCF9,,04,99,01,,http://www.conestogac.on.ca,5/14/2014
238,,University of Illinois at Chicago,,01,20140701,,,"South Morgan St., Room 2402",601,Chicago,,,IL,60607,US,-1,00000000000518E8,,01,05,01,,http://www.uic.edu,6/27/2014
239,,Kentucky State University,,01,20140708,,,Main Street,400 East,Frankfort,,,KY,40601,US,-1,0000000000051D4F,,01,05,01,,http://kysu.edu,8/5/2014
240,,Saginaw Valley State University,,01,20140901,,,Bay Road,7400,University Center,,,MI,48710,US,-1,0000000000051CE4,,01,05,01,,http://www.svsu.edu/,8/4/2014
241,,Illinois State University,,01,20140801,,,5150,Campus Box,Normal,,,IL,61790-5150,US,-1,0000000000052592,,01,05,01,,http://illinoisstate.edu,8/28/2014
242,,University Arkansas Fort Smith,,01,20140901,,,Grand Avenue,5210,Fort Smith,3649,72913-3649,AR,72913,US,-1,0000000000052920,,01,02,01,,http://www.uafs.edu,9/9/2014
243,,Saint Michaels Learning Academy,,04,20140901,,,Westpark Drive Suite 180,6220,Houston,,,TX,77057,US,-1,0000000000054935,,01,03,01,,http://stmichaelslearningacademy.com,11/21/2014
244,,Pures College of Technology,,04,20141001,,,Town Centre Court,55,Scarborough,,,Ontario,M1P 5B5,CA,-1,000000000005A803,,01,03,02,,http://pures.ca,5/19/2015
245,,Ohio Northern University,,01,20150112,,,S Main Street,525,Ada,,,OH,45810,US,-1,0000000000056E3A,,01,05,01,,http://onu.edu,1/13/2015
246,,Southern Methodist University,,01,20141101,,,750333,P O Box,Dallas,,,TX,75275,US,-1,00000000000571DC,,01,05,01,,http://smu.edu/,1/22/2015
247,,University of Wisconsin-River Falls,,01,20150302,,,S. 3rd St.,410,River Falls,,,WI,54022,US,-1,0000000000058771,,01,04,01,,http://www.uwrf.edu,3/11/2015
248,,Purdue University Calumet,,01,20150401,,,Wicker Ave,2200,Hammond,,,IN,46323,US,-1,00000000000595F1,,01,04,01,,http://www.purduecal.edu,4/3/2015
249,,University of North Carolina at Charolette,,01,20150701,,,University City Blvd,9201,Charolette,,,NC,28223,US,-1,000000000005A5BC,,01,05,01,,http://uncc.edu,5/5/2015
250,,Kennesaw State University,,01,20150701,,,Chastain Rd,1000,Kennesaw,,,GA,30144,US,-1,000000000005A987,,01,05,01,,http://www.kennesaw.edu,5/29/2015
251,,Dowling College,,01,20150701,,,Idle Hour Blvd,150,Oakdale,,,NY,11769,US,-1,000000000005B6B2,,01,05,01,,http://www.dowling.edu,7/15/2015
252,,University of Massachusetts Lowell,Manning School of Business,01,20150901,,,University Avenue,1,Lowell,,,MA,01854,US,-1,000000000005D825,,01,05,01,,http://www.uml.edu/msb,9/8/2015
253,,Kaplan University,,01,20160101,,,Kaplan University Avenue,6301,Fort Lauderdale,,,FL,33309,US,-1,000000000005E703,,01,05,01,,http://www.kaplanuniveristy.edu/,10/1/2015
